"","X","State","State_name","County","County_name","Tract","Block_Group","Tot_Population_ACS_08_12","Males_ACS_08_12","Females_ACS_08_12","Pop_25yrs_Over_ACS_08_12","Not_HS_Grad_ACS_08_12","College_ACS_08_12","Prs_Blw_Pov_Lev_ACS_08_12"
"1",289,31,"Nebraska",55,"Douglas County",200,1,876,364,512,618,44,32,204
"2",290,31,"Nebraska",55,"Douglas County",200,2,1384,657,727,790,83,120,305
"3",291,31,"Nebraska",55,"Douglas County",200,3,507,281,226,427,102,18,83
"4",292,31,"Nebraska",55,"Douglas County",200,4,813,433,380,570,130,140,82
"5",293,31,"Nebraska",55,"Douglas County",300,1,600,248,352,330,66,58,168
"6",294,31,"Nebraska",55,"Douglas County",300,2,1128,477,651,656,153,87,284
"7",295,31,"Nebraska",55,"Douglas County",300,3,761,379,382,421,94,83,302
"8",296,31,"Nebraska",55,"Douglas County",400,1,1720,1074,646,909,413,58,707
"9",297,31,"Nebraska",55,"Douglas County",400,2,818,413,405,534,177,1,308
"10",298,31,"Nebraska",55,"Douglas County",500,1,1194,618,576,656,128,218,575
"11",299,31,"Nebraska",55,"Douglas County",500,2,886,852,34,570,86,0,81
"12",300,31,"Nebraska",55,"Douglas County",600,1,730,409,321,422,149,7,385
"13",301,31,"Nebraska",55,"Douglas County",600,2,696,352,344,334,180,13,391
"14",302,31,"Nebraska",55,"Douglas County",700,1,1158,568,590,753,222,29,459
"15",303,31,"Nebraska",55,"Douglas County",800,1,920,449,471,478,165,40,396
"16",304,31,"Nebraska",55,"Douglas County",800,2,1120,481,639,628,145,114,574
"17",305,31,"Nebraska",55,"Douglas County",1100,1,932,346,586,433,46,55,500
"18",306,31,"Nebraska",55,"Douglas County",1100,2,189,68,121,86,28,0,91
"19",307,31,"Nebraska",55,"Douglas County",1100,3,1613,656,957,852,178,218,867
"20",308,31,"Nebraska",55,"Douglas County",1200,1,1215,530,685,582,100,81,540
"21",309,31,"Nebraska",55,"Douglas County",1200,2,458,229,229,295,40,37,22
"22",310,31,"Nebraska",55,"Douglas County",1200,3,1036,486,550,585,162,49,356
"23",311,31,"Nebraska",55,"Douglas County",1600,1,1173,518,655,129,0,65,108
"24",312,31,"Nebraska",55,"Douglas County",1600,2,1178,496,682,133,6,57,33
"25",313,31,"Nebraska",55,"Douglas County",1800,1,1383,1109,274,1011,276,149,94
"26",314,31,"Nebraska",55,"Douglas County",1800,2,1311,704,607,1046,15,726,255
"27",315,31,"Nebraska",55,"Douglas County",1800,3,748,433,315,672,22,317,183
"28",316,31,"Nebraska",55,"Douglas County",1900,1,581,390,191,492,42,115,137
"29",317,31,"Nebraska",55,"Douglas County",1900,2,695,400,295,335,88,42,250
"30",318,31,"Nebraska",55,"Douglas County",2000,1,952,570,382,501,150,36,327
"31",319,31,"Nebraska",55,"Douglas County",2000,2,2046,1300,746,1114,560,75,537
"32",320,31,"Nebraska",55,"Douglas County",2000,3,1054,553,501,563,267,4,160
"33",321,31,"Nebraska",55,"Douglas County",2100,1,829,512,317,524,131,25,281
"34",322,31,"Nebraska",55,"Douglas County",2100,2,1362,717,645,757,191,79,399
"35",323,31,"Nebraska",55,"Douglas County",2200,1,588,267,321,441,146,82,71
"36",324,31,"Nebraska",55,"Douglas County",2200,2,541,301,240,332,34,133,90
"37",325,31,"Nebraska",55,"Douglas County",2300,1,1409,691,718,791,49,392,210
"38",326,31,"Nebraska",55,"Douglas County",2300,2,1026,468,558,866,215,81,106
"39",327,31,"Nebraska",55,"Douglas County",2400,1,484,212,272,347,164,48,280
"40",328,31,"Nebraska",55,"Douglas County",2400,2,754,389,365,396,59,53,89
"41",329,31,"Nebraska",55,"Douglas County",2400,3,963,489,474,617,323,54,387
"42",330,31,"Nebraska",55,"Douglas County",2400,4,1238,627,611,622,270,23,411
"43",331,31,"Nebraska",55,"Douglas County",2500,1,648,360,288,429,58,40,84
"44",332,31,"Nebraska",55,"Douglas County",2500,2,541,318,223,338,85,73,84
"45",333,31,"Nebraska",55,"Douglas County",2500,3,1431,730,701,738,371,40,193
"46",334,31,"Nebraska",55,"Douglas County",2600,1,1652,1043,609,850,407,27,192
"47",335,31,"Nebraska",55,"Douglas County",2600,2,840,369,471,498,123,34,317
"48",336,31,"Nebraska",55,"Douglas County",2700,1,676,361,315,485,275,20,41
"49",337,31,"Nebraska",55,"Douglas County",2700,2,593,342,251,292,104,12,105
"50",338,31,"Nebraska",55,"Douglas County",2700,3,1093,489,604,541,337,14,547
"51",339,31,"Nebraska",55,"Douglas County",2800,1,983,506,477,552,228,87,194
"52",340,31,"Nebraska",55,"Douglas County",2800,2,1081,741,340,681,234,96,237
"53",341,31,"Nebraska",55,"Douglas County",2800,3,921,502,419,559,243,35,142
"54",342,31,"Nebraska",55,"Douglas County",2900,1,1771,1187,584,994,466,75,227
"55",343,31,"Nebraska",55,"Douglas County",2900,2,984,451,533,538,245,20,451
"56",344,31,"Nebraska",55,"Douglas County",2900,3,1014,496,518,386,73,59,262
"57",345,31,"Nebraska",55,"Douglas County",2900,4,1328,659,669,511,244,17,1065
"58",346,31,"Nebraska",55,"Douglas County",3000,1,1010,571,439,511,253,33,173
"59",347,31,"Nebraska",55,"Douglas County",3000,2,528,232,296,377,144,15,158
"60",348,31,"Nebraska",55,"Douglas County",3000,3,919,444,475,566,150,62,13
"61",349,31,"Nebraska",55,"Douglas County",3000,4,1056,444,612,605,247,18,193
"62",350,31,"Nebraska",55,"Douglas County",3000,5,878,502,376,412,203,0,48
"63",351,31,"Nebraska",55,"Douglas County",3000,6,1092,554,538,710,459,64,306
"64",352,31,"Nebraska",55,"Douglas County",3000,7,1063,554,509,646,206,21,125
"65",353,31,"Nebraska",55,"Douglas County",3100,1,984,402,582,494,124,47,273
"66",354,31,"Nebraska",55,"Douglas County",3100,2,798,291,507,407,43,60,136
"67",355,31,"Nebraska",55,"Douglas County",3100,3,750,370,380,451,36,160,71
"68",356,31,"Nebraska",55,"Douglas County",3100,4,1103,436,667,576,253,30,82
"69",357,31,"Nebraska",55,"Douglas County",3200,1,984,505,479,598,278,30,321
"70",358,31,"Nebraska",55,"Douglas County",3200,2,1751,795,956,983,557,51,296
"71",359,31,"Nebraska",55,"Douglas County",3300,1,1532,784,748,865,416,124,654
"72",360,31,"Nebraska",55,"Douglas County",3300,2,1145,524,621,776,353,21,480
"73",361,31,"Nebraska",55,"Douglas County",3401,1,881,408,473,679,74,160,242
"74",362,31,"Nebraska",55,"Douglas County",3401,2,895,417,478,497,176,143,157
"75",363,31,"Nebraska",55,"Douglas County",3401,3,1136,507,629,656,173,56,182
"76",364,31,"Nebraska",55,"Douglas County",3401,4,1107,544,563,697,105,18,231
"77",365,31,"Nebraska",55,"Douglas County",3402,1,955,486,469,700,58,132,72
"78",366,31,"Nebraska",55,"Douglas County",3402,2,826,425,401,530,36,148,5
"79",367,31,"Nebraska",55,"Douglas County",3402,3,748,339,409,519,60,107,69
"80",368,31,"Nebraska",55,"Douglas County",3500,1,1150,444,706,665,47,223,97
"81",369,31,"Nebraska",55,"Douglas County",3500,2,427,166,261,274,26,49,24
"82",370,31,"Nebraska",55,"Douglas County",3500,3,1559,696,863,1124,70,410,179
"83",371,31,"Nebraska",55,"Douglas County",3500,4,1410,576,834,999,6,258,238
"84",372,31,"Nebraska",55,"Douglas County",3600,1,1096,485,611,782,42,285,38
"85",373,31,"Nebraska",55,"Douglas County",3600,2,857,362,495,616,0,326,19
"86",374,31,"Nebraska",55,"Douglas County",3600,3,564,311,253,439,37,128,46
"87",375,31,"Nebraska",55,"Douglas County",3600,4,723,315,408,460,0,261,83
"88",376,31,"Nebraska",55,"Douglas County",3600,5,835,388,447,574,18,278,59
"89",377,31,"Nebraska",55,"Douglas County",3700,1,910,449,461,702,7,366,69
"90",378,31,"Nebraska",55,"Douglas County",3700,2,1012,515,497,683,0,399,84
"91",379,31,"Nebraska",55,"Douglas County",3700,3,630,406,224,476,106,193,11
"92",380,31,"Nebraska",55,"Douglas County",3800,1,846,448,398,577,126,162,99
"93",381,31,"Nebraska",55,"Douglas County",3800,2,1407,810,597,784,318,28,796
"94",382,31,"Nebraska",55,"Douglas County",3800,3,1182,489,693,761,125,170,236
"95",383,31,"Nebraska",55,"Douglas County",3800,4,442,201,241,369,7,185,86
"96",384,31,"Nebraska",55,"Douglas County",3900,1,1881,1059,822,1076,648,121,518
"97",385,31,"Nebraska",55,"Douglas County",3900,2,1007,624,383,456,274,29,465
"98",386,31,"Nebraska",55,"Douglas County",4000,1,1077,629,448,771,211,35,426
"99",387,31,"Nebraska",55,"Douglas County",4000,2,644,383,261,496,59,161,168
"100",388,31,"Nebraska",55,"Douglas County",4000,3,1230,678,552,547,239,148,523
"101",389,31,"Nebraska",55,"Douglas County",4200,1,658,353,305,402,96,80,235
"102",390,31,"Nebraska",55,"Douglas County",4200,2,1106,657,449,572,81,213,383
"103",391,31,"Nebraska",55,"Douglas County",4300,1,1149,703,446,860,21,528,247
"104",392,31,"Nebraska",55,"Douglas County",4300,2,975,470,505,612,23,376,299
"105",393,31,"Nebraska",55,"Douglas County",4300,3,788,246,542,422,87,97,201
"106",394,31,"Nebraska",55,"Douglas County",4400,1,504,283,221,346,102,67,50
"107",395,31,"Nebraska",55,"Douglas County",4400,2,670,322,348,478,15,184,24
"108",396,31,"Nebraska",55,"Douglas County",4500,1,782,496,286,539,0,361,49
"109",397,31,"Nebraska",55,"Douglas County",4500,2,826,471,355,490,24,273,52
"110",398,31,"Nebraska",55,"Douglas County",4500,3,795,297,498,664,46,217,38
"111",399,31,"Nebraska",55,"Douglas County",4500,4,594,263,331,466,78,146,16
"112",400,31,"Nebraska",55,"Douglas County",4600,1,777,432,345,487,77,333,157
"113",401,31,"Nebraska",55,"Douglas County",4600,2,703,326,377,408,0,326,13
"114",402,31,"Nebraska",55,"Douglas County",4600,3,1139,668,471,716,64,209,212
"115",403,31,"Nebraska",55,"Douglas County",4700,1,1304,605,699,774,0,669,32
"116",404,31,"Nebraska",55,"Douglas County",4700,2,1500,671,829,665,24,469,11
"117",405,31,"Nebraska",55,"Douglas County",4800,1,664,357,307,439,0,312,0
"118",406,31,"Nebraska",55,"Douglas County",4800,2,1410,638,772,854,46,206,339
"119",407,31,"Nebraska",55,"Douglas County",4800,3,899,370,529,714,11,495,191
"120",408,31,"Nebraska",55,"Douglas County",4800,4,1879,632,1247,981,36,635,552
"121",409,31,"Nebraska",55,"Douglas County",4900,1,446,180,266,379,30,161,138
"122",410,31,"Nebraska",55,"Douglas County",4900,2,680,381,299,432,170,29,93
"123",411,31,"Nebraska",55,"Douglas County",4900,3,449,185,264,246,71,9,179
"124",412,31,"Nebraska",55,"Douglas County",4900,4,1025,694,331,664,78,106,313
"125",413,31,"Nebraska",55,"Douglas County",4900,5,1115,628,487,731,12,140,67
"126",414,31,"Nebraska",55,"Douglas County",4900,6,706,363,343,435,67,185,240
"127",415,31,"Nebraska",55,"Douglas County",5000,1,896,448,448,499,33,212,160
"128",416,31,"Nebraska",55,"Douglas County",5000,2,576,310,266,315,52,57,315
"129",417,31,"Nebraska",55,"Douglas County",5000,3,792,440,352,517,90,172,53
"130",418,31,"Nebraska",55,"Douglas County",5000,4,767,325,442,354,18,185,348
"131",419,31,"Nebraska",55,"Douglas County",5000,5,871,278,593,582,54,189,198
"132",420,31,"Nebraska",55,"Douglas County",5100,1,794,374,420,575,94,121,95
"133",421,31,"Nebraska",55,"Douglas County",5100,2,604,229,375,218,125,29,394
"134",422,31,"Nebraska",55,"Douglas County",5100,3,1095,647,448,526,141,92,563
"135",423,31,"Nebraska",55,"Douglas County",5200,1,660,325,335,356,126,52,293
"136",424,31,"Nebraska",55,"Douglas County",5200,2,808,410,398,442,97,21,300
"137",425,31,"Nebraska",55,"Douglas County",5300,1,841,359,482,463,131,78,404
"138",426,31,"Nebraska",55,"Douglas County",5300,2,621,340,281,304,59,24,211
"139",427,31,"Nebraska",55,"Douglas County",5300,3,555,273,282,327,10,25,110
"140",428,31,"Nebraska",55,"Douglas County",5400,1,1125,596,529,440,114,55,512
"141",429,31,"Nebraska",55,"Douglas County",5400,2,914,410,504,567,136,128,134
"142",430,31,"Nebraska",55,"Douglas County",5400,3,720,430,290,511,68,12,174
"143",431,31,"Nebraska",55,"Douglas County",5400,4,460,246,214,361,34,124,37
"144",432,31,"Nebraska",55,"Douglas County",5500,1,1000,416,584,749,124,348,385
"145",433,31,"Nebraska",55,"Douglas County",5500,2,814,381,433,517,0,311,0
"146",434,31,"Nebraska",55,"Douglas County",5500,3,848,392,456,645,0,335,0
"147",435,31,"Nebraska",55,"Douglas County",5500,4,413,184,229,403,30,264,54
"148",436,31,"Nebraska",55,"Douglas County",5500,5,1023,544,479,730,34,468,15
"149",437,31,"Nebraska",55,"Douglas County",5500,6,991,459,532,730,1,388,57
"150",438,31,"Nebraska",55,"Douglas County",5600,1,1346,831,515,915,75,128,36
"151",439,31,"Nebraska",55,"Douglas County",5600,2,953,411,542,582,40,121,143
"152",440,31,"Nebraska",55,"Douglas County",5600,3,757,406,351,537,55,96,62
"153",441,31,"Nebraska",55,"Douglas County",5600,4,822,386,436,529,58,115,168
"154",442,31,"Nebraska",55,"Douglas County",5600,5,959,542,417,666,200,95,86
"155",443,31,"Nebraska",55,"Douglas County",5700,1,1366,745,621,786,72,179,230
"156",444,31,"Nebraska",55,"Douglas County",5700,2,510,253,257,295,17,30,202
"157",445,31,"Nebraska",55,"Douglas County",5700,3,937,419,518,626,22,106,349
"158",446,31,"Nebraska",55,"Douglas County",5700,4,617,266,351,461,31,69,0
"159",447,31,"Nebraska",55,"Douglas County",5700,5,784,359,425,564,27,163,143
"160",448,31,"Nebraska",55,"Douglas County",5800,1,284,112,172,202,0,14,117
"161",449,31,"Nebraska",55,"Douglas County",5800,2,499,215,284,390,54,43,19
"162",450,31,"Nebraska",55,"Douglas County",5800,3,847,456,391,564,116,154,59
"163",451,31,"Nebraska",55,"Douglas County",5800,4,831,439,392,530,139,88,276
"164",452,31,"Nebraska",55,"Douglas County",5800,5,586,347,239,348,0,121,67
"165",453,31,"Nebraska",55,"Douglas County",5800,6,940,411,529,516,80,140,201
"166",454,31,"Nebraska",55,"Douglas County",5901,1,1060,542,518,630,174,77,448
"167",455,31,"Nebraska",55,"Douglas County",5901,2,762,272,490,425,30,71,115
"168",456,31,"Nebraska",55,"Douglas County",5901,3,392,194,198,344,57,21,114
"169",457,31,"Nebraska",55,"Douglas County",5902,1,829,378,451,579,124,55,307
"170",458,31,"Nebraska",55,"Douglas County",5902,2,1121,531,590,559,143,0,631
"171",459,31,"Nebraska",55,"Douglas County",6000,1,566,285,281,271,98,40,420
"172",460,31,"Nebraska",55,"Douglas County",6000,2,627,273,354,338,86,18,156
"173",461,31,"Nebraska",55,"Douglas County",6000,3,810,412,398,493,68,43,254
"174",462,31,"Nebraska",55,"Douglas County",6000,4,1061,662,399,698,71,119,248
"175",463,31,"Nebraska",55,"Douglas County",6000,5,944,433,511,571,72,21,202
"176",464,31,"Nebraska",55,"Douglas County",6101,1,724,263,461,387,51,39,228
"177",465,31,"Nebraska",55,"Douglas County",6101,2,679,422,257,317,69,13,125
"178",466,31,"Nebraska",55,"Douglas County",6101,3,644,287,357,378,107,37,333
"179",467,31,"Nebraska",55,"Douglas County",6102,1,837,346,491,614,78,110,220
"180",468,31,"Nebraska",55,"Douglas County",6102,2,1080,572,508,522,71,48,397
"181",469,31,"Nebraska",55,"Douglas County",6102,3,738,312,426,441,36,29,286
"182",470,31,"Nebraska",55,"Douglas County",6102,4,1013,498,515,516,29,9,720
"183",471,31,"Nebraska",55,"Douglas County",6102,5,496,286,210,346,142,0,169
"184",472,31,"Nebraska",55,"Douglas County",6202,1,823,334,489,590,90,162,66
"185",473,31,"Nebraska",55,"Douglas County",6202,2,893,511,382,649,114,54,111
"186",474,31,"Nebraska",55,"Douglas County",6202,3,666,353,313,499,41,111,107
"187",475,31,"Nebraska",55,"Douglas County",6202,4,1254,622,632,638,79,74,107
"188",476,31,"Nebraska",55,"Douglas County",6202,5,910,373,537,489,90,76,342
"189",477,31,"Nebraska",55,"Douglas County",6301,1,1241,664,577,750,51,173,114
"190",478,31,"Nebraska",55,"Douglas County",6301,2,229,122,107,89,40,7,0
"191",479,31,"Nebraska",55,"Douglas County",6301,3,1114,444,670,688,91,136,308
"192",480,31,"Nebraska",55,"Douglas County",6302,1,1239,478,761,666,145,56,476
"193",481,31,"Nebraska",55,"Douglas County",6302,2,915,513,402,638,55,108,14
"194",482,31,"Nebraska",55,"Douglas County",6302,3,1254,624,630,800,51,56,130
"195",483,31,"Nebraska",55,"Douglas County",6302,4,1100,544,556,683,158,86,381
"196",484,31,"Nebraska",55,"Douglas County",6303,1,1139,441,698,576,72,160,401
"197",485,31,"Nebraska",55,"Douglas County",6303,2,1818,796,1022,1048,125,54,392
"198",486,31,"Nebraska",55,"Douglas County",6400,1,628,388,240,401,0,59,68
"199",487,31,"Nebraska",55,"Douglas County",6400,2,589,307,282,391,92,17,80
"200",488,31,"Nebraska",55,"Douglas County",6400,3,679,363,316,514,27,220,88
"201",489,31,"Nebraska",55,"Douglas County",6400,4,672,267,405,509,0,309,127
"202",490,31,"Nebraska",55,"Douglas County",6400,5,501,236,265,359,0,259,0
"203",491,31,"Nebraska",55,"Douglas County",6400,6,1066,530,536,636,0,223,255
"204",492,31,"Nebraska",55,"Douglas County",6400,7,726,315,411,436,115,61,223
"205",493,31,"Nebraska",55,"Douglas County",6503,1,708,326,382,516,0,122,0
"206",494,31,"Nebraska",55,"Douglas County",6503,2,987,462,525,736,7,220,61
"207",495,31,"Nebraska",55,"Douglas County",6503,3,1004,491,513,650,9,213,13
"208",496,31,"Nebraska",55,"Douglas County",6504,1,828,399,429,571,47,182,21
"209",497,31,"Nebraska",55,"Douglas County",6504,2,251,23,228,251,24,21,21
"210",498,31,"Nebraska",55,"Douglas County",6504,3,983,447,536,710,54,150,93
"211",499,31,"Nebraska",55,"Douglas County",6504,4,1375,648,727,956,119,193,264
"212",500,31,"Nebraska",55,"Douglas County",6505,1,1242,474,768,1051,109,301,187
"213",501,31,"Nebraska",55,"Douglas County",6505,2,685,311,374,426,28,92,70
"214",502,31,"Nebraska",55,"Douglas County",6506,1,940,372,568,670,165,124,199
"215",503,31,"Nebraska",55,"Douglas County",6506,2,1540,637,903,856,83,234,173
"216",504,31,"Nebraska",55,"Douglas County",6506,3,1135,492,643,871,131,98,104
"217",505,31,"Nebraska",55,"Douglas County",6602,1,843,273,570,719,36,319,38
"218",506,31,"Nebraska",55,"Douglas County",6602,2,1116,473,643,713,9,132,18
"219",507,31,"Nebraska",55,"Douglas County",6602,3,1028,548,480,779,33,343,202
"220",508,31,"Nebraska",55,"Douglas County",6602,4,1078,540,538,497,18,210,202
"221",509,31,"Nebraska",55,"Douglas County",6602,5,644,247,397,497,42,228,84
"222",510,31,"Nebraska",55,"Douglas County",6602,6,1053,523,530,854,0,370,210
"223",511,31,"Nebraska",55,"Douglas County",6603,1,599,334,265,482,36,144,113
"224",512,31,"Nebraska",55,"Douglas County",6603,2,867,316,551,460,44,54,411
"225",513,31,"Nebraska",55,"Douglas County",6603,3,1367,498,869,730,113,144,258
"226",514,31,"Nebraska",55,"Douglas County",6604,1,752,325,427,552,71,157,50
"227",515,31,"Nebraska",55,"Douglas County",6604,2,764,364,400,528,12,211,96
"228",516,31,"Nebraska",55,"Douglas County",6604,3,927,520,407,625,78,88,70
"229",517,31,"Nebraska",55,"Douglas County",6604,4,694,301,393,487,8,154,27
"230",518,31,"Nebraska",55,"Douglas County",6604,5,835,427,408,611,33,276,82
"231",519,31,"Nebraska",55,"Douglas County",6701,1,1533,773,760,1040,36,447,316
"232",520,31,"Nebraska",55,"Douglas County",6701,2,1024,504,520,719,21,456,20
"233",521,31,"Nebraska",55,"Douglas County",6701,3,1267,629,638,837,11,707,90
"234",522,31,"Nebraska",55,"Douglas County",6703,1,1253,705,548,885,15,390,141
"235",523,31,"Nebraska",55,"Douglas County",6703,2,920,324,596,616,0,316,111
"236",524,31,"Nebraska",55,"Douglas County",6703,3,1003,486,517,560,12,372,52
"237",525,31,"Nebraska",55,"Douglas County",6704,1,513,168,345,450,0,326,111
"238",526,31,"Nebraska",55,"Douglas County",6704,2,1085,523,562,784,4,633,37
"239",527,31,"Nebraska",55,"Douglas County",6803,1,742,357,385,673,25,262,6
"240",528,31,"Nebraska",55,"Douglas County",6803,2,1198,583,615,864,25,339,59
"241",529,31,"Nebraska",55,"Douglas County",6804,1,1527,718,809,1054,16,757,62
"242",530,31,"Nebraska",55,"Douglas County",6805,1,743,385,358,638,20,356,37
"243",531,31,"Nebraska",55,"Douglas County",6805,2,1160,615,545,738,12,422,25
"244",532,31,"Nebraska",55,"Douglas County",6805,3,587,251,336,400,6,283,4
"245",533,31,"Nebraska",55,"Douglas County",6805,4,839,413,426,573,20,246,169
"246",534,31,"Nebraska",55,"Douglas County",6806,1,794,347,447,571,5,396,12
"247",535,31,"Nebraska",55,"Douglas County",6806,2,1155,595,560,539,22,307,597
"248",536,31,"Nebraska",55,"Douglas County",6806,3,630,268,362,451,47,87,55
"249",537,31,"Nebraska",55,"Douglas County",6903,1,1068,496,572,724,12,385,9
"250",538,31,"Nebraska",55,"Douglas County",6903,2,1507,720,787,847,29,338,321
"251",539,31,"Nebraska",55,"Douglas County",6904,1,1459,714,745,834,0,510,0
"252",540,31,"Nebraska",55,"Douglas County",6904,2,839,496,343,695,11,319,14
"253",541,31,"Nebraska",55,"Douglas County",6904,3,708,337,371,509,24,159,29
"254",542,31,"Nebraska",55,"Douglas County",6904,4,877,471,406,563,39,256,98
"255",543,31,"Nebraska",55,"Douglas County",6905,1,839,463,376,644,11,187,153
"256",544,31,"Nebraska",55,"Douglas County",6905,2,981,530,451,600,47,164,35
"257",545,31,"Nebraska",55,"Douglas County",6906,1,1299,598,701,1010,115,306,126
"258",546,31,"Nebraska",55,"Douglas County",6906,2,867,424,443,608,35,260,50
"259",547,31,"Nebraska",55,"Douglas County",6906,3,1186,635,551,750,67,240,159
"260",548,31,"Nebraska",55,"Douglas County",7001,1,1383,554,829,798,79,345,328
"261",549,31,"Nebraska",55,"Douglas County",7001,2,1185,482,703,671,14,251,159
"262",550,31,"Nebraska",55,"Douglas County",7001,3,938,506,432,585,100,73,296
"263",551,31,"Nebraska",55,"Douglas County",7002,1,1044,480,564,764,94,247,106
"264",552,31,"Nebraska",55,"Douglas County",7002,2,915,432,483,735,112,228,130
"265",553,31,"Nebraska",55,"Douglas County",7002,3,807,317,490,611,17,129,28
"266",554,31,"Nebraska",55,"Douglas County",7002,4,535,257,278,422,78,98,67
"267",555,31,"Nebraska",55,"Douglas County",7003,1,1665,860,805,972,200,155,253
"268",556,31,"Nebraska",55,"Douglas County",7003,2,1009,504,505,670,79,73,49
"269",557,31,"Nebraska",55,"Douglas County",7101,1,1576,671,905,1033,118,168,201
"270",558,31,"Nebraska",55,"Douglas County",7101,2,1716,840,876,1183,261,123,252
"271",559,31,"Nebraska",55,"Douglas County",7102,1,815,365,450,607,150,107,9
"272",560,31,"Nebraska",55,"Douglas County",7102,2,1019,528,491,701,103,72,69
"273",561,31,"Nebraska",55,"Douglas County",7102,3,901,506,395,628,167,89,17
"274",562,31,"Nebraska",55,"Douglas County",7102,4,814,435,379,628,130,49,10
"275",563,31,"Nebraska",55,"Douglas County",7303,1,1074,530,544,933,68,304,121
"276",564,31,"Nebraska",55,"Douglas County",7303,2,645,289,356,518,47,209,16
"277",565,31,"Nebraska",55,"Douglas County",7303,3,1309,682,627,852,100,382,73
"278",566,31,"Nebraska",55,"Douglas County",7304,1,524,260,264,410,36,130,6
"279",567,31,"Nebraska",55,"Douglas County",7304,2,927,476,451,715,58,276,11
"280",568,31,"Nebraska",55,"Douglas County",7309,1,899,446,453,638,10,29,184
"281",569,31,"Nebraska",55,"Douglas County",7309,2,1446,733,713,818,7,408,206
"282",570,31,"Nebraska",55,"Douglas County",7309,3,1588,745,843,1159,19,535,49
"283",571,31,"Nebraska",55,"Douglas County",7310,1,649,279,370,445,32,141,76
"284",572,31,"Nebraska",55,"Douglas County",7310,2,962,487,475,603,0,326,0
"285",573,31,"Nebraska",55,"Douglas County",7310,3,1188,551,637,851,6,332,46
"286",574,31,"Nebraska",55,"Douglas County",7311,1,2478,1227,1251,1170,93,383,575
"287",575,31,"Nebraska",55,"Douglas County",7311,2,1085,440,645,664,50,142,195
"288",576,31,"Nebraska",55,"Douglas County",7312,1,1014,446,568,702,38,208,80
"289",577,31,"Nebraska",55,"Douglas County",7312,2,817,363,454,504,60,31,186
"290",578,31,"Nebraska",55,"Douglas County",7313,1,2321,1250,1071,1473,32,561,369
"291",579,31,"Nebraska",55,"Douglas County",7313,2,1609,928,681,1102,0,432,31
"292",580,31,"Nebraska",55,"Douglas County",7313,3,1756,851,905,1039,57,423,114
"293",581,31,"Nebraska",55,"Douglas County",7313,4,854,422,432,545,50,262,105
"294",582,31,"Nebraska",55,"Douglas County",7314,1,1565,754,811,1004,0,675,0
"295",583,31,"Nebraska",55,"Douglas County",7314,2,1308,655,653,806,0,503,4
"296",584,31,"Nebraska",55,"Douglas County",7315,1,2725,1364,1361,1842,109,1152,186
"297",585,31,"Nebraska",55,"Douglas County",7315,2,795,493,302,567,0,327,0
"298",586,31,"Nebraska",55,"Douglas County",7316,1,1857,929,928,1090,20,534,0
"299",587,31,"Nebraska",55,"Douglas County",7316,2,1074,528,546,670,25,403,0
"300",588,31,"Nebraska",55,"Douglas County",7317,1,819,347,472,621,54,285,142
"301",589,31,"Nebraska",55,"Douglas County",7317,2,1552,694,858,1059,9,343,189
"302",590,31,"Nebraska",55,"Douglas County",7317,3,1852,952,900,1164,60,435,150
"303",591,31,"Nebraska",55,"Douglas County",7318,1,1100,486,614,695,54,339,52
"304",592,31,"Nebraska",55,"Douglas County",7318,2,1609,779,830,980,23,543,0
"305",593,31,"Nebraska",55,"Douglas County",7318,3,796,442,354,531,11,289,0
"306",594,31,"Nebraska",55,"Douglas County",7318,4,186,77,109,161,0,93,0
"307",595,31,"Nebraska",55,"Douglas County",7405,1,778,416,362,517,12,352,23
"308",596,31,"Nebraska",55,"Douglas County",7405,2,645,347,298,502,17,362,0
"309",597,31,"Nebraska",55,"Douglas County",7405,3,881,476,405,26,0,6,140
"310",598,31,"Nebraska",55,"Douglas County",7406,1,988,457,531,828,37,278,0
"311",599,31,"Nebraska",55,"Douglas County",7406,2,1286,692,594,839,146,354,196
"312",600,31,"Nebraska",55,"Douglas County",7406,3,1716,1018,698,1153,27,545,107
"313",601,31,"Nebraska",55,"Douglas County",7406,4,952,523,429,621,15,344,240
"314",602,31,"Nebraska",55,"Douglas County",7407,1,1439,683,756,946,25,514,180
"315",603,31,"Nebraska",55,"Douglas County",7407,2,1055,532,523,727,121,249,297
"316",604,31,"Nebraska",55,"Douglas County",7407,3,627,269,358,456,17,99,7
"317",605,31,"Nebraska",55,"Douglas County",7408,1,951,462,489,744,94,185,35
"318",606,31,"Nebraska",55,"Douglas County",7408,2,1111,505,606,732,39,207,162
"319",607,31,"Nebraska",55,"Douglas County",7408,3,1138,585,553,804,22,284,204
"320",608,31,"Nebraska",55,"Douglas County",7408,4,902,383,519,660,29,151,48
"321",609,31,"Nebraska",55,"Douglas County",7409,1,1045,509,536,745,16,189,0
"322",610,31,"Nebraska",55,"Douglas County",7409,2,715,312,403,558,44,227,70
"323",611,31,"Nebraska",55,"Douglas County",7409,3,620,257,363,355,11,105,16
"324",612,31,"Nebraska",55,"Douglas County",7424,1,786,379,407,584,34,218,0
"325",613,31,"Nebraska",55,"Douglas County",7424,2,1049,463,586,719,43,257,65
"326",614,31,"Nebraska",55,"Douglas County",7424,3,1093,416,677,678,74,226,265
"327",615,31,"Nebraska",55,"Douglas County",7429,1,1137,513,624,785,9,474,10
"328",616,31,"Nebraska",55,"Douglas County",7429,2,1270,694,576,735,21,342,10
"329",617,31,"Nebraska",55,"Douglas County",7429,3,1334,608,726,959,0,687,1
"330",618,31,"Nebraska",55,"Douglas County",7431,1,1271,703,568,761,10,466,79
"331",619,31,"Nebraska",55,"Douglas County",7431,2,787,415,372,432,0,300,0
"332",620,31,"Nebraska",55,"Douglas County",7431,3,744,307,437,441,26,260,100
"333",621,31,"Nebraska",55,"Douglas County",7431,4,1364,566,798,1002,19,457,92
"334",622,31,"Nebraska",55,"Douglas County",7432,1,959,468,491,659,33,274,91
"335",623,31,"Nebraska",55,"Douglas County",7432,2,1173,530,643,637,43,83,120
"336",624,31,"Nebraska",55,"Douglas County",7432,3,1235,403,832,992,89,399,72
"337",625,31,"Nebraska",55,"Douglas County",7433,1,828,374,454,655,26,250,50
"338",626,31,"Nebraska",55,"Douglas County",7433,2,785,281,504,587,24,306,95
"339",627,31,"Nebraska",55,"Douglas County",7433,3,588,356,232,272,11,89,67
"340",628,31,"Nebraska",55,"Douglas County",7433,4,917,368,549,650,0,228,19
"341",629,31,"Nebraska",55,"Douglas County",7433,5,830,383,447,577,13,228,10
"342",630,31,"Nebraska",55,"Douglas County",7434,1,981,454,527,769,58,298,1
"343",631,31,"Nebraska",55,"Douglas County",7434,2,1620,869,751,869,90,265,330
"344",632,31,"Nebraska",55,"Douglas County",7434,3,1108,452,656,478,30,92,178
"345",633,31,"Nebraska",55,"Douglas County",7435,1,948,473,475,770,83,116,163
"346",634,31,"Nebraska",55,"Douglas County",7435,2,688,343,345,417,0,140,0
"347",635,31,"Nebraska",55,"Douglas County",7435,3,1314,610,704,773,82,185,192
"348",636,31,"Nebraska",55,"Douglas County",7435,4,897,365,532,505,38,252,264
"349",637,31,"Nebraska",55,"Douglas County",7436,1,1750,593,1157,850,121,163,836
"350",638,31,"Nebraska",55,"Douglas County",7436,2,979,445,534,750,10,196,16
"351",639,31,"Nebraska",55,"Douglas County",7436,3,960,368,592,643,52,139,170
"352",640,31,"Nebraska",55,"Douglas County",7436,4,979,570,409,738,16,263,112
"353",641,31,"Nebraska",55,"Douglas County",7438,1,1137,563,574,776,56,206,65
"354",642,31,"Nebraska",55,"Douglas County",7438,2,783,351,432,574,25,326,59
"355",643,31,"Nebraska",55,"Douglas County",7439,1,790,354,436,526,0,241,8
"356",644,31,"Nebraska",55,"Douglas County",7439,2,1018,600,418,736,18,364,61
"357",645,31,"Nebraska",55,"Douglas County",7439,3,1480,686,794,1070,18,413,114
"358",646,31,"Nebraska",55,"Douglas County",7439,4,867,374,493,569,14,394,0
"359",647,31,"Nebraska",55,"Douglas County",7439,5,461,179,282,343,11,151,0
"360",648,31,"Nebraska",55,"Douglas County",7440,1,1135,539,596,648,34,261,125
"361",649,31,"Nebraska",55,"Douglas County",7440,2,743,268,475,501,41,80,240
"362",650,31,"Nebraska",55,"Douglas County",7441,1,1481,705,776,994,20,626,5
"363",651,31,"Nebraska",55,"Douglas County",7441,2,1150,626,524,666,0,474,8
"364",652,31,"Nebraska",55,"Douglas County",7442,1,1112,582,530,781,3,539,20
"365",653,31,"Nebraska",55,"Douglas County",7442,2,861,425,436,651,10,412,0
"366",654,31,"Nebraska",55,"Douglas County",7442,3,1098,587,511,650,18,483,13
"367",655,31,"Nebraska",55,"Douglas County",7442,4,880,445,435,614,41,245,78
"368",656,31,"Nebraska",55,"Douglas County",7442,5,976,481,495,565,10,214,97
"369",657,31,"Nebraska",55,"Douglas County",7443,1,865,479,386,583,0,451,7
"370",658,31,"Nebraska",55,"Douglas County",7443,2,782,334,448,586,7,324,44
"371",659,31,"Nebraska",55,"Douglas County",7443,3,1151,562,589,849,39,349,135
"372",660,31,"Nebraska",55,"Douglas County",7443,4,675,355,320,417,69,177,104
"373",661,31,"Nebraska",55,"Douglas County",7444,1,2299,1047,1252,1475,51,1056,315
"374",662,31,"Nebraska",55,"Douglas County",7444,2,1182,575,607,828,0,510,120
"375",663,31,"Nebraska",55,"Douglas County",7444,3,751,409,342,441,20,45,63
"376",664,31,"Nebraska",55,"Douglas County",7445,1,1268,572,696,920,7,463,134
"377",665,31,"Nebraska",55,"Douglas County",7445,2,1089,541,548,590,78,196,235
"378",666,31,"Nebraska",55,"Douglas County",7446,1,864,386,478,579,10,297,12
"379",667,31,"Nebraska",55,"Douglas County",7446,2,666,292,374,522,0,321,0
"380",668,31,"Nebraska",55,"Douglas County",7446,3,1282,660,622,793,0,551,18
"381",669,31,"Nebraska",55,"Douglas County",7446,4,1121,497,624,681,0,578,0
"382",670,31,"Nebraska",55,"Douglas County",7447,1,1833,886,947,1093,0,498,218
"383",671,31,"Nebraska",55,"Douglas County",7447,2,1136,495,641,747,30,344,88
"384",672,31,"Nebraska",55,"Douglas County",7448,1,950,484,466,659,18,357,0
"385",673,31,"Nebraska",55,"Douglas County",7448,2,960,490,470,593,11,333,32
"386",674,31,"Nebraska",55,"Douglas County",7448,3,807,408,399,734,55,329,31
"387",675,31,"Nebraska",55,"Douglas County",7449,1,1278,588,690,953,50,394,43
"388",676,31,"Nebraska",55,"Douglas County",7449,2,1948,972,976,1386,0,829,19
"389",677,31,"Nebraska",55,"Douglas County",7450,1,1158,604,554,890,20,289,20
"390",678,31,"Nebraska",55,"Douglas County",7450,2,1079,491,588,668,31,239,7
"391",679,31,"Nebraska",55,"Douglas County",7450,3,1064,564,500,747,25,403,33
"392",680,31,"Nebraska",55,"Douglas County",7451,1,1462,797,665,914,11,565,161
"393",681,31,"Nebraska",55,"Douglas County",7451,2,658,363,295,519,0,382,16
"394",682,31,"Nebraska",55,"Douglas County",7451,3,713,377,336,400,0,135,110
"395",683,31,"Nebraska",55,"Douglas County",7451,4,1068,522,546,616,22,260,155
"396",684,31,"Nebraska",55,"Douglas County",7451,5,1164,515,649,853,84,234,29
"397",685,31,"Nebraska",55,"Douglas County",7452,1,1304,711,593,773,0,455,57
"398",686,31,"Nebraska",55,"Douglas County",7452,2,1813,1009,804,1091,9,660,17
"399",687,31,"Nebraska",55,"Douglas County",7452,3,2162,1004,1158,1314,7,757,24
"400",688,31,"Nebraska",55,"Douglas County",7453,1,966,543,423,514,9,329,45
"401",689,31,"Nebraska",55,"Douglas County",7453,2,1609,663,946,909,16,477,149
"402",690,31,"Nebraska",55,"Douglas County",7453,3,896,421,475,575,0,230,0
"403",691,31,"Nebraska",55,"Douglas County",7454,1,1668,802,866,1245,60,486,10
"404",692,31,"Nebraska",55,"Douglas County",7454,2,1344,734,610,958,43,503,71
"405",693,31,"Nebraska",55,"Douglas County",7454,3,1240,695,545,818,71,294,130
"406",694,31,"Nebraska",55,"Douglas County",7455,1,1185,621,564,748,28,240,88
"407",695,31,"Nebraska",55,"Douglas County",7455,2,397,233,164,298,20,40,152
"408",696,31,"Nebraska",55,"Douglas County",7456,1,780,332,448,558,50,173,41
"409",697,31,"Nebraska",55,"Douglas County",7456,2,768,346,422,620,15,197,21
"410",698,31,"Nebraska",55,"Douglas County",7456,3,692,409,283,511,72,107,43
"411",699,31,"Nebraska",55,"Douglas County",7457,1,748,433,315,579,80,123,0
"412",700,31,"Nebraska",55,"Douglas County",7457,2,918,533,385,609,32,142,46
"413",701,31,"Nebraska",55,"Douglas County",7457,3,1034,493,541,735,54,267,81
"414",702,31,"Nebraska",55,"Douglas County",7458,1,1178,597,581,895,39,259,98
"415",703,31,"Nebraska",55,"Douglas County",7458,2,719,401,318,540,23,202,59
"416",704,31,"Nebraska",55,"Douglas County",7458,3,840,364,476,427,90,103,204
"417",705,31,"Nebraska",55,"Douglas County",7459,1,1955,1024,931,1308,82,370,126
"418",706,31,"Nebraska",55,"Douglas County",7459,2,630,213,417,475,1,90,1
"419",707,31,"Nebraska",55,"Douglas County",7459,3,389,189,200,330,56,19,50
"420",708,31,"Nebraska",55,"Douglas County",7460,1,1820,918,902,1058,40,616,0
"421",709,31,"Nebraska",55,"Douglas County",7460,2,2317,1105,1212,1302,0,915,0
"422",710,31,"Nebraska",55,"Douglas County",7461,1,2033,1089,944,1042,42,643,10
"423",711,31,"Nebraska",55,"Douglas County",7461,2,2579,1328,1251,1522,31,696,46
"424",712,31,"Nebraska",55,"Douglas County",7461,3,1506,707,799,929,24,464,77
"425",713,31,"Nebraska",55,"Douglas County",7462,1,1179,580,599,888,11,231,11
"426",714,31,"Nebraska",55,"Douglas County",7462,2,565,306,259,352,0,145,37
"427",715,31,"Nebraska",55,"Douglas County",7462,3,814,279,535,438,20,239,57
"428",716,31,"Nebraska",55,"Douglas County",7462,4,1025,562,463,669,26,234,69
"429",717,31,"Nebraska",55,"Douglas County",7462,5,1065,461,604,670,13,226,139
"430",718,31,"Nebraska",55,"Douglas County",7463,1,1052,455,597,712,19,217,58
"431",719,31,"Nebraska",55,"Douglas County",7463,2,995,451,544,631,18,171,0
"432",720,31,"Nebraska",55,"Douglas County",7463,3,1452,583,869,823,61,294,174
"433",721,31,"Nebraska",55,"Douglas County",7463,4,952,480,472,587,0,177,41
"434",722,31,"Nebraska",55,"Douglas County",7464,1,577,283,294,457,10,245,43
"435",723,31,"Nebraska",55,"Douglas County",7464,2,892,452,440,661,21,329,0
"436",724,31,"Nebraska",55,"Douglas County",7464,3,659,319,340,455,36,130,12
"437",725,31,"Nebraska",55,"Douglas County",7464,4,503,218,285,453,59,88,52
"438",726,31,"Nebraska",55,"Douglas County",7465,1,1101,536,565,697,37,209,106
"439",727,31,"Nebraska",55,"Douglas County",7465,2,1080,573,507,682,0,163,73
"440",728,31,"Nebraska",55,"Douglas County",7465,3,1460,766,694,991,11,459,14
"441",729,31,"Nebraska",55,"Douglas County",7465,4,645,278,367,499,17,170,36
"442",730,31,"Nebraska",55,"Douglas County",7466,1,671,338,333,455,0,287,0
"443",731,31,"Nebraska",55,"Douglas County",7466,2,959,476,483,756,11,514,0
"444",732,31,"Nebraska",55,"Douglas County",7466,3,902,372,530,621,13,220,13
"445",733,31,"Nebraska",55,"Douglas County",7466,4,653,304,349,447,89,136,95
"446",734,31,"Nebraska",55,"Douglas County",7466,5,669,381,288,428,0,186,84
"447",735,31,"Nebraska",55,"Douglas County",7466,6,1589,964,625,844,161,129,519
"448",736,31,"Nebraska",55,"Douglas County",7467,1,568,338,230,474,32,113,82
"449",737,31,"Nebraska",55,"Douglas County",7467,2,992,472,520,666,22,182,239
"450",738,31,"Nebraska",55,"Douglas County",7467,3,1527,697,830,964,1,430,1
"451",739,31,"Nebraska",55,"Douglas County",7467,4,923,501,422,555,100,118,0
"452",740,31,"Nebraska",55,"Douglas County",7467,5,1214,618,596,694,104,259,99
"453",741,31,"Nebraska",55,"Douglas County",7468,1,688,339,349,501,0,199,8
"454",742,31,"Nebraska",55,"Douglas County",7468,2,853,459,394,542,22,138,80
"455",743,31,"Nebraska",55,"Douglas County",7468,3,892,499,393,616,143,132,44
"456",744,31,"Nebraska",55,"Douglas County",7469,1,2162,1017,1145,1323,11,660,30
"457",745,31,"Nebraska",55,"Douglas County",7469,2,1223,609,614,888,15,397,27
"458",746,31,"Nebraska",55,"Douglas County",7470,1,1664,831,833,1081,10,613,40
"459",747,31,"Nebraska",55,"Douglas County",7470,2,1974,1106,868,1298,0,806,0
"460",748,31,"Nebraska",55,"Douglas County",7470,3,923,483,440,662,0,319,37
"461",749,31,"Nebraska",55,"Douglas County",7470,4,1010,571,439,726,0,281,29
"462",750,31,"Nebraska",55,"Douglas County",7471,1,2302,1137,1165,1307,50,970,299
"463",751,31,"Nebraska",55,"Douglas County",7471,2,1076,530,546,725,21,517,0
"464",752,31,"Nebraska",55,"Douglas County",7472,1,1999,970,1029,1229,0,730,30
"465",753,31,"Nebraska",55,"Douglas County",7472,2,1161,475,686,762,20,290,0
"466",754,31,"Nebraska",55,"Douglas County",7472,3,1244,623,621,852,0,460,7
"467",755,31,"Nebraska",55,"Douglas County",7504,1,1206,615,591,856,35,220,203
"468",756,31,"Nebraska",55,"Douglas County",7504,2,737,339,398,470,50,102,61
"469",757,31,"Nebraska",55,"Douglas County",7504,3,1113,605,508,792,92,191,62
"470",758,31,"Nebraska",55,"Douglas County",7505,1,1301,605,696,819,25,270,71
"471",759,31,"Nebraska",55,"Douglas County",7505,2,2194,1088,1106,1184,87,295,54
"472",760,31,"Nebraska",55,"Douglas County",7506,1,484,250,234,371,22,37,164
"473",761,31,"Nebraska",55,"Douglas County",7506,2,1606,852,754,1014,66,477,10
"474",762,31,"Nebraska",55,"Douglas County",7508,1,1175,620,555,924,54,411,82
"475",763,31,"Nebraska",55,"Douglas County",7508,2,1187,616,571,745,52,237,44
"476",764,31,"Nebraska",55,"Douglas County",7509,1,913,478,435,545,14,410,24
"477",765,31,"Nebraska",55,"Douglas County",7509,2,1254,613,641,728,9,397,13
"478",766,31,"Nebraska",55,"Douglas County",7509,3,1108,385,723,671,34,268,38
"479",767,31,"Nebraska",55,"Douglas County",7509,4,631,308,323,491,10,218,0
"480",768,31,"Nebraska",55,"Douglas County",7511,1,958,503,455,687,32,320,22
"481",769,31,"Nebraska",55,"Douglas County",7511,2,1132,544,588,710,0,354,74
"482",770,31,"Nebraska",55,"Douglas County",7511,3,2574,1194,1380,1369,33,902,390
"483",771,31,"Nebraska",55,"Douglas County",7512,1,2107,954,1153,1434,88,610,142
"484",772,31,"Nebraska",55,"Douglas County",7512,2,1497,881,616,946,14,602,128
"485",773,31,"Nebraska",55,"Douglas County",7512,3,1925,877,1048,1219,50,567,124
"486",774,31,"Nebraska",55,"Douglas County",7513,1,1750,831,919,969,5,740,15
"487",775,31,"Nebraska",55,"Douglas County",7513,2,1800,867,933,1165,10,905,0
"488",776,31,"Nebraska",55,"Douglas County",7513,3,869,435,434,634,13,415,46
"489",777,31,"Nebraska",55,"Douglas County",7514,1,1435,664,771,767,0,587,0
"490",778,31,"Nebraska",55,"Douglas County",7514,2,1674,793,881,1116,0,746,38
"491",779,31,"Nebraska",55,"Douglas County",7515,1,1003,487,516,568,7,345,0
"492",780,31,"Nebraska",55,"Douglas County",7515,2,2417,1324,1093,1487,30,1119,0
"493",781,31,"Nebraska",55,"Douglas County",7516,1,1654,914,740,899,0,599,7
"494",782,31,"Nebraska",55,"Douglas County",7516,2,1531,668,863,944,24,531,23
"495",783,31,"Nebraska",55,"Douglas County",7517,1,1168,602,566,704,0,316,205
"496",784,31,"Nebraska",55,"Douglas County",7517,2,2402,1315,1087,1392,0,681,119
"497",785,31,"Nebraska",55,"Douglas County",7517,3,838,369,469,497,0,265,26
